-- phpMyAdmin SQL Dump
-- version 5.2.1
-- https://www.phpmyadmin.net/
--
-- Servidor: 127.0.0.1
-- Tiempo de generación: 27-07-2023 a las 03:24:37
-- Versión del servidor: 10.4.28-MariaDB
-- Versión de PHP: 8.0.28

SET SQL_MODE = "NO_AUTO_VALUE_ON_ZERO";
START TRANSACTION;
SET time_zone = "+00:00";


/*!40101 SET @OLD_CHARACTER_SET_CLIENT=@@CHARACTER_SET_CLIENT */;
/*!40101 SET @OLD_CHARACTER_SET_RESULTS=@@CHARACTER_SET_RESULTS */;
/*!40101 SET @OLD_COLLATION_CONNECTION=@@COLLATION_CONNECTION */;
/*!40101 SET NAMES utf8mb4 */;

--
-- Base de datos: `dbs_serverus`
--
CREATE DATABASE IF NOT EXISTS `dbs_serverus` DEFAULT CHARACTER SET utf8mb4 COLLATE utf8mb4_general_ci;
USE `dbs_serverus`;

-- --------------------------------------------------------

--
-- Estructura de tabla para la tabla `tbl_curso`
--

CREATE TABLE `tbl_curso` (
  `PKCodigo` bigint(20) NOT NULL,
  `Nombre` varchar(50) NOT NULL
) ENGINE=InnoDB DEFAULT CHARSET=utf8mb4 COLLATE=utf8mb4_general_ci;

--
-- Volcado de datos para la tabla `tbl_curso`
--

INSERT INTO `tbl_curso` (`PKCodigo`, `Nombre`) VALUES
(1, '<Seleccionar>'),
(2, '1'),
(3, '2'),
(4, '3'),
(5, '4'),
(6, '5'),
(7, '6'),
(8, '7'),
(9, '8'),
(10, '9'),
(11, '10'),
(12, '11');

-- --------------------------------------------------------

--
-- Estructura de tabla para la tabla `tbl_estado`
--

CREATE TABLE `tbl_estado` (
  `PKCodigo` varchar(2) NOT NULL,
  `Nombre` varchar(50) NOT NULL
) ENGINE=InnoDB DEFAULT CHARSET=utf8mb4 COLLATE=utf8mb4_general_ci;

--
-- Volcado de datos para la tabla `tbl_estado`
--

INSERT INTO `tbl_estado` (`PKCodigo`, `Nombre`) VALUES
('1', 'Entrada'),
('2', 'Salida'),
('3', 'Activo'),
('4', 'Inactivo');

-- --------------------------------------------------------

--
-- Estructura de tabla para la tabla `tbl_grupo`
--

CREATE TABLE `tbl_grupo` (
  `PKCodigo` bigint(20) NOT NULL,
  `Nombre` varchar(50) NOT NULL
) ENGINE=InnoDB DEFAULT CHARSET=utf8mb4 COLLATE=utf8mb4_general_ci;

--
-- Volcado de datos para la tabla `tbl_grupo`
--

INSERT INTO `tbl_grupo` (`PKCodigo`, `Nombre`) VALUES
(1, '<Selecionar>'),
(2, '201'),
(3, '202'),
(4, '204'),
(5, '205'),
(6, '301'),
(7, '302'),
(8, '303'),
(9, '401'),
(10, '403'),
(11, '404'),
(12, '501'),
(13, '502'),
(14, '601'),
(15, '602'),
(16, '701'),
(17, '703'),
(18, '801'),
(19, '803'),
(20, '901'),
(21, '902'),
(22, 'A'),
(23, 'B'),
(24, '1001');

-- --------------------------------------------------------

--
-- Estructura de tabla para la tabla `tbl_jornadas`
--

CREATE TABLE `tbl_jornadas` (
  `PKCodigo` bigint(20) NOT NULL,
  `Nombre` varchar(50) NOT NULL
) ENGINE=InnoDB DEFAULT CHARSET=utf8mb4 COLLATE=utf8mb4_general_ci;

--
-- Volcado de datos para la tabla `tbl_jornadas`
--

INSERT INTO `tbl_jornadas` (`PKCodigo`, `Nombre`) VALUES
(1, 'Unica'),
(2, 'Tarde'),
(3, 'Mixto'),
(4, 'Mañana');

-- --------------------------------------------------------

--
-- Estructura de tabla para la tabla `tbl_personas`
--

CREATE TABLE `tbl_personas` (
  `PKRFID` varchar(20) NOT NULL,
  `FKCodigo_tbl_tipo` bigint(20) NOT NULL,
  `Identificacion` varchar(20) NOT NULL,
  `Nombres` varchar(100) NOT NULL,
  `Apellidos` varchar(100) NOT NULL,
  `Contacto` varchar(10) DEFAULT NULL,
  `Correo` varchar(250) DEFAULT NULL,
  `FKCodigo_tbl_Curso` bigint(20) NOT NULL,
  `FKCodigo_tbl_grupo` bigint(20) NOT NULL,
  `FKCodigo_tbl_Jornada` bigint(20) NOT NULL
) ENGINE=InnoDB DEFAULT CHARSET=utf8mb4 COLLATE=utf8mb4_general_ci;

--
-- Volcado de datos para la tabla `tbl_personas`
--

INSERT INTO `tbl_personas` (`PKRFID`, `FKCodigo_tbl_tipo`, `Identificacion`, `Nombres`, `Apellidos`, `Contacto`, `Correo`, `FKCodigo_tbl_Curso`, `FKCodigo_tbl_grupo`, `FKCodigo_tbl_Jornada`) VALUES
('\r\n1159213683', 3, '1159213683', 'MILAN JUNIOR', 'SANDOVAL MERCADO', '3023147001', 'Anamilethsarmiento17@gmail.com', 3, 3, 4),
('0004740087', 3, '1041870624', 'CRISTIAN JOSE', 'PEDRAZA RUIZ', '3052705272', 'johanapmp01@gmail.com', 3, 2, 4),
('1011214679', 1, '1011214679', 'MILLER ALEJANDRO', 'LUCUMI PEREA', '3102824054', 'Anamilethsarmiento17@gmail.com', 6, 13, 2),
('1013623229', 1, '1013623229', 'MARIA CAMILA', 'GALLARDO MARTINEZ', '', 'BIOQUIM1993@OUTLOOK.ES', 8, 16, 4),
('1024596066', 3, '1024596066', 'SHARITH SOFIA', 'CASTRO JIMENEZ', '3015065186', 'MARYLUZVARGASRIVERA@GMAIL.COM', 3, 5, 2),
('1028664269', 3, '1028664269', 'LUIS CARLOS', 'JIMEMEZ GONZALES', '3002246595', 'ESCUDEROJULIETH4@GMAIL.COM', 7, 14, 4),
('1033114088', 1, '1033114088', 'STIVENSON DAVID ', 'RODRIGUEZ MOLA', '3008105734', 'diana08vargas@hotmail.com', 5, 10, 2),
('1041694374', 1, '1041694374', 'LUDYS   SARAY', 'MONRROY ORELLANO', '3001368985', 'emperatrizmh@gmail.com', 11, 21, 4),
('1041870191', 1, '1041870191', 'NOILYS', 'GUTIERREZ HERNANDEZ', '304 237643', 'emperatrizmh@gmail.com', 11, 22, 4),
('1041870688', 1, '1041870688', 'DILAN JOSE ', 'MUÑOZ TORRIJOS', '3003004539', 'johanapmp01@gmail.com', 3, 4, 2),
('1041870767', 3, '1041870767', 'ANGELIT MILETH', 'MARTELO MONTENEGRO', '3216688289', 'johanapmp01@gmail.com', 3, 2, 4),
('1041870818', 3, '1041870818', 'SAMIR ANDRES ', 'CANTILLO HERNANDEZ', '3042346473', 'johanapmp01@gmail.com', 3, 2, 4),
('1041870827', 3, '1041870827', 'JOSE DE JESUS ', 'POLO FERRER', '3207573762', 'johanapmp01@gmail.com', 3, 4, 2),
('1041988397', 3, '1041988397', 'ALEXANDER ', 'VASQUEZ FONTALVO', '3006234588', 'linaluz1717@hotmail.com', 5, 11, 2),
('1042252686', 1, '1042252686', 'DIVA MARCELA', 'CHARRIS MERCADO', '3145795715', 'jloraf07@hotmail.com', 9, 18, 4),
('1042268494', 3, '1042268494', 'CRISTIAN', 'AHUMADA SIMANCA', '3006965715', 'stefania.0511@hotmail.com', 4, 7, 1),
('1042353597', 3, '1042353597', 'JEILYN SOFIA ', 'PADILLA CHARRIS', '3013327014', 'Julianis0616@hotmail.com', 6, 12, 4),
('1042441635', 1, '1042441635', 'INYELIS YIRETH', 'PEREZ GALLEGO', '', 'ESCUDEROJULIETH4@GMAIL.COM', 7, 14, 4),
('1042859787', 1, '1042859787', 'EDUARD JOSE ', 'BORNACHERA MOZO', '3007428261', 'ESCUDEROJULIETH4@GMAIL.COM', 7, 14, 4),
('1042860126', 3, '1042860126', 'LINSAY NICOLL', 'ALTAMAR RADER', '3006163903', 'ESCUDEROJULIETH4@GMAIL.COM', 7, 14, 4),
('1042861936', 3, '1042861936', 'ORLIS DIVINA', 'MARTINAZ CORREA', '3044445377', 'linaluz1717@hotmail.com', 5, 11, 2),
('1042863321', 3, '1042863321', 'LUIS DAVID ', 'FREILE ALDANA', '3006526352', 'diana08vargas@hotmail.com', 5, 10, 2),
('1043124488', 1, '1043124488', 'KEVIN DAVID', 'DE ALBA ARAGON', '3205839047', 'emperatrizmh@gmail.com', 11, 23, 2),
('1043135548', 1, '1043135548', 'JESUS DANIEL', 'ARIAS JIMENEZ', '317 742632', 'emperatrizmh@gmail.com', 11, 22, 4),
('1043143711', 3, '1043143711', 'CAROL   MICHEL', 'DIAZ ARRIETA', '317 076579', 'emperatrizmh@gmail.com', 11, 22, 4),
('1043146561', 1, '1043146561', 'ANGELICA   PATRICIA', 'ZUÑIGA IREGUI', '3236671975', 'emperatrizmh@gmail.com', 11, 22, 4),
('1043147716', 1, '1043147716', 'ANGELO ENRIQUE', 'BARRIOS LO', '3002330342', 'emperatrizmh@gmail.com', 11, 23, 2),
('1043150113', 3, '1043150113', 'JORWIN BLADIMIR', 'OROZCO VILLARREAL', '', 'ESCUDEROJULIETH4@GMAIL.COM', 7, 14, 4),
('1043151563', 1, '1043151563', 'JENFRY MANUEL', 'HUMANANTE RODRIGUE', '', 'BIOQUIM1993@OUTLOOK.ES', 8, 16, 4),
('1043151758', 1, '1043151758', 'JULIO CESAR ', 'GAVIRIA FUENTES', '3244504705', 'diana08vargas@hotmail.com', 5, 10, 2),
('1043159182', 3, '1043159182', 'SHARON MILENA', 'ACOSTA ALCAZAR', '3243197148', 'jloraf07@hotmail.com', 9, 18, 4),
('1043160740', 1, '1043160740', 'ELVIS JUNIOR', 'POLO ALTAMAR', '3013106399', 'ESCUDEROJULIETH4@GMAIL.COM', 7, 14, 4),
('1043161592', 3, '1043161592', 'MANUEL ELIAS', 'MARQUEZ GAMEZ', '3014124472', 'Anamilethsarmiento17@gmail.com', 6, 13, 2),
('1043161921', 1, '1043161921', 'ANDRES FELIPE ', 'ACOSTA PEREZ', '3162241545', 'ESCUDEROJULIETH4@GMAIL.COM', 7, 14, 2),
('1043162074', 1, '1043162074', 'YEISON DANIEL ', 'GAVIRIA FUENTES', '3244504705', 'diana08vargas@hotmail.com', 5, 10, 2),
('1043165477', 3, '1043165477', 'GABRIELA', 'MARRUGO GONZALEZ', '3207773482', 'ESCUDEROJULIETH4@GMAIL.COM', 7, 14, 2),
('1043166362', 1, '1043166362', 'DANNA MICHEL', 'LAZO BOVEA', '3022123894', 'ESCUDEROJULIETH4@GMAIL.COM', 7, 14, 4),
('1043167844', 1, '1043167844', 'MARYSOL', 'GARCIA ALTAMAR', '3023877430', 'ESCUDEROJULIETH4@GMAIL.COM', 7, 14, 4),
('1043168462', 3, '1043168462', 'JHEERIZ NAILETH', 'OYOLA FERRIN', '3215024639', 'ESCUDEROJULIETH4@GMAIL.COM', 7, 14, 4),
('1043169354', 3, '1043169354', 'LORAINE  VALENTINA ', 'PEDRAZA RUIZ', '3052705272', 'stefania.0511@hotmail.com', 4, 6, 1),
('1043169924', 1, '1043169924', 'MATEO ANDRES ', 'POLO ALTAMAR', '3013103699', 'Julianis0616@hotmail.com', 6, 12, 4),
('1043170230', 3, '1043170230', 'YAILIN DE JESUS ', 'ESCORCIA MARTINEZ', '3008106073', 'Julianis0616@hotmail.com', 6, 12, 4),
('1043170673', 3, '1043170673', 'KAIDY SHADIA', 'MUÑOZ HERNANDEZ', '3024475009', 'Julianis0616@hotmail.com', 6, 12, 4),
('1043174109', 1, '1043174109', 'MELANNY JULIETH', 'DE LA HOZ CASTRO', '3008610340', 'stefania.0511@hotmail.com', 4, 6, 1),
('1043174784', 1, '1043174784', 'SAMUEL JOS E', 'TORRES SANDOVAL', '3167263019', 'diana08vargas@hotmail.com', 5, 10, 2),
('1043175055', 3, '1043175055', 'ISAAC DAVID ', 'BARRAZA MEJIA', '3216763990', 'diana08vargas@hotmail.com', 5, 9, 4),
('1043175567', 3, '1043175567', 'JESUS ALBERTO ', 'DE ALBA ARAGON', '3205839047', 'diana08vargas@hotmail.com', 5, 8, 4),
('1043176012', 1, '1043176012', 'ALEJANDRO ENRIQUE', 'MURIEL FONTALVO', '3003342112', 'ESCUDEROJULIETH4@GMAIL.COM', 7, 14, 4),
('1043177021', 3, '1043177021', 'SMITH SANTIAGO', 'PERTUZ GUTIERREZ', '3022906113', 'diana08vargas@hotmail.com', 5, 9, 4),
('1043177166', 3, '1043177166', 'LUIS\r\nLUIS DAVID ', 'VILLARREAL CARRACEDO', '3013892279', 'stefania.0511@hotmail.com', 4, 6, 1),
('1043179934', 3, '1043179934', 'DIEGO ANDRES ', 'GUTIERREZ AMAYA', '3137811974', 'diana08vargas@hotmail.com', 5, 10, 2),
('1043180602', 3, '1043180602', 'SANTIAGO DAVID ', 'VALEGA SUEBIS', '3126004792', 'stefania.0511@hotmail.com', 4, 6, 1),
('1043180946', 3, '1043180946', 'HEMA JIRETH ', 'OYOLA FERRIN', '3135693027', 'stefania.0511@hotmail.com', 4, 6, 1),
('1043181302', 3, '1043181302', 'JERONIMO JOSE', 'JINETE DE LA HOZ', '3116901813', 'johanapmp01@gmail.com', 3, 2, 4),
('1043181647', 3, '1043181647', 'JOSTIN GAHEL ', 'TORRES DONADO', '3004054110', 'johanapmp01@gmail.com', 3, 4, 2),
('1043184710', 3, '1043184710', 'ADRIAN DAVID', 'TOBAR VILLALOBOS', '3123402339', 'MARYLUZVARGASRIVERA@GMAIL.COM', 3, 5, 2),
('1043185091', 1, '1043185091', 'LUIS GUILLERMO', 'PERTUZ GUTIERREZ', '3022906113', 'johanapmp01@gmail.com', 3, 2, 4),
('1043185397', 3, '1043185397', 'ANGIE', 'FONTALVO POLO', '3046492948', 'johanapmp01@gmail.com\r\njohanapmp01@gmail.com', 3, 4, 2),
('1043185478', 1, '1043185478', 'MARIA DE LOS ANGELES', 'DE LOS RIOS MARCHENA', '3114150921', 'MARYLUZVARGASRIVERA@GMAIL.COM', 3, 5, 2),
('1043187023', 3, '1043187023', 'LEIDIS DANIELA', 'HERNANDEZ GONZALEZ', '3214796797', 'johanapmp01@gmail.com', 3, 2, 4),
('10433151609', 3, '10433151609', 'MARIANA SOFIA', 'PADILLA ROMERO', '3002816778', 'ESCUDEROJULIETH4@GMAIL.COM', 7, 14, 4),
('1043459583', 3, '1043459583', 'LUISA FERNANDA ', 'CAUSADO RODRIGUEZ', '3105194326', 'Julianis0616@hotmail.com', 6, 12, 4),
('1043460894', 3, '1043460894', 'EDINSON', 'GABIRIA BALZA', '3107141804', 'Julianis0616@hotmail.com', 6, 12, 4),
('1043460982', 3, '1043460982', 'MICHAEL DAVID ', 'CAIROZA ORTEGA', '3003345715', 'Julianis0616@hotmail.com', 6, 12, 4),
('1043465715', 1, '1043465715', 'MAILY ANDREA', 'RIVERA ZAMORA', '3017516695', 'diana08vargas@hotmail.com', 5, 10, 2),
('1043466692', 3, '1043466692', 'JULIAN DAVID ', 'NIEBLES LEAL', '3158537166', 'stefania.0511@hotmail.com', 4, 6, 1),
('1043467151', 3, '1043467151', 'DAMIAN ANDRES ', 'ALTAFULLA BARRETO', '3022243718', 'diana08vargas@hotmail.com', 5, 9, 4),
('1043469066', 3, '1043469066', 'BRITHNEY SOFIA', 'ACOSTA DE ALBA', '3023669980', 'stefania.0511@hotmail.com', 4, 7, 1),
('1043470457', 3, '1043470457', 'ISAIAS ALBEIRO ', 'ROMERO OROZCO', '3022020798', 'johanapmp01@gmail.com', 3, 4, 2),
('1043471810', 3, '1043471810', 'SOFIA ISABEL', 'GIL MIRANDA', '3044569076', 'stefania.0511@hotmail.com', 4, 6, 1),
('1043479474', 3, '1043479474', 'ALEXANDRA SOFIA', 'UBARNES CERVANTES', '3007127802', 'Anamilethsarmiento17@gmail.com', 3, 3, 4),
('1043481657', 3, '1043481657', 'ESTEBAN SMITH', 'BUJATO MENDOZA', '3116703123', 'MARYLUZVARGASRIVERA@GMAIL.COM', 3, 5, 2),
('1043483331', 3, '1043483331', 'KEREM ONUR', 'CONTRERAS TOVAR', '3007186089', 'MARYLUZVARGASRIVERA@GMAIL.COM', 3, 5, 2),
('1043678928', 3, '1043678928', 'ANDRES FELIPE', 'BARRIOS LLENERA', '3170679577', 'jloraf07@hotmail.com', 9, 18, 4),
('1043679105', 1, '1043679105', 'SAMUEL ARTURO', 'GARCIA CORDOBA', '3116610975', 'BIOQUIM1993@OUTLOOK.ES', 8, 16, 2),
('1043679412', 1, '1043679412', 'HEIDY ESTER', 'ROJANO GUTIERREZ', '3244030708', 'ESCUDEROJULIETH4@GMAIL.COM', 7, 14, 4),
('1043691726', 3, '1043691726', 'VALENTINA MICHELL', 'ALANDETE GUTIERREZ', '3006915251', 'linaluz1717@hotmail.com', 5, 11, 2),
('1043692876', 3, '1043692876', 'JHAN SEBASTIAN', 'MOLANO BENAVIDES', '3024661083', 'Anamilethsarmiento17@gmail.com', 6, 13, 2),
('1044219605', 1, '1044219605', 'SEBASTIAN YAMIL', 'CAMACHO RODRIGUEZ', '3244917136', 'jloraf07@hotmail.com', 9, 18, 4),
('1044222379', 1, '1044222379', 'ALINSON BRIYITH', 'PAEZ IREGUI', '3216671975', 'diana08vargas@hotmail.com', 5, 9, 4),
('1044331866', 3, '1044331866', 'STEYSI YINETH', 'MENDOZA CASTILLEJO', '', 'ESCUDEROJULIETH4@GMAIL.COM', 7, 14, 4),
('1044623548', 1, '1044623548', 'EDINZO DAVID', 'BOHORQUE ARRIETAZ', '3053826998', 'emperatrizmh@gmail.com', 11, 23, 2),
('1044626082', 1, '1044626082', 'ISAAC  FABIAN', 'MARQUEZ SALAS', '302 389383', 'emperatrizmh@gmail.com', 11, 22, 4),
('1044636382', 0, '1044636382', 'JEIRIS PAOLA', 'NIEBLES PEREZ', '', 'ESCUDEROJULIETH4@GMAIL.COM', 6, 13, 1),
('1044643644', 1, '1044643644', 'NICOLL', 'DIAAZ MORALES', '3014838186', 'ESCUDEROJULIETH4@GMAIL.COM', 7, 14, 4),
('1044644173', 3, '1044644173', 'JAIME LUIS', 'GOMEZ REALES', '3007253236', 'Anamilethsarmiento17@gmail.com', 6, 13, 2),
('1044645330', 1, '1044645330', 'YESID ENRIQUE ', 'AHUMADA HERRERA', '3022737608', 'ESCUDEROJULIETH4@GMAIL.COM', 7, 14, 4),
('1044648299', 3, '1044648299', 'MEYSON DAVID ', 'MUÑOZ POLO', '3045732464', 'linaluz1717@hotmail.com', 5, 11, 2),
('1044649045', 3, '1044649045', 'DEIMAR DANIEL ', 'PUELLO MONTENEGRO', '3216688289', 'Julianis0616@hotmail.com', 6, 12, 3),
('1044649559', 3, '1044649559', 'LUZ MIREYA', 'ACOSTA DONADO', '3012064868', 'Julianis0616@hotmail.com', 6, 12, 4),
('1044650340', 3, '1044650340', 'CAMILO ANDRES ', 'CASTELLAR PAREJO', '3208813138', 'diana08vargas@hotmail.com', 5, 9, 4),
('1044653846', 3, '1044653846', 'LUIS MARIO', 'OSPINO JIMENEZ', '3107182036', 'ESCUDEROJULIETH4@GMAIL.COM', 7, 14, 4),
('1044654007', 3, '1044654007', 'ELYS JOHANA ', 'UBARNES CERVANTES', '3007127802', 'diana08vargas@hotmail.com', 5, 9, 4),
('1044657176', 3, '1044657176', 'DILAN JUNIOR', 'VILORIA CHICA', '3025421536', 'MARYLUZVARGASRIVERA@GMAIL.COM', 3, 5, 2),
('1044657838', 1, '1044657838', 'HANNA SOFIA', 'VERGARA CORTEZ', '3042086426', 'johanapmp01@gmail.com', 3, 2, 4),
('1044662369', 3, '1044662369', 'DEIBER DE JESUS ', 'MANCERA HURTADO', '3133062926', 'MARYLUZVARGASRIVERA@GMAIL.COM', 3, 5, 2),
('1044663836', 3, '1044663836', 'MARIANA', 'RAMIREZ GUILLEN', '3042568371', 'Anamilethsarmiento17@gmail.com', 3, 3, 4),
('1044781416', 3, '1044781416', 'SAMIR ENRIQUE', 'TAPIAS OCHOA', '3215299872', 'ESCUDEROJULIETH4@GMAIL.COM', 7, 14, 4),
('1045688595', 1, '1045688595', 'SAHIR', 'GUERRERO TERAN', '', 'ESCUDEROJULIETH4@GMAIL.COM', 7, 14, 4),
('1045692638', 1, '1045692638', 'JOSE REYNALDO', 'JIMENEZ MEDINA', '', 'ESCUDEROJULIETH4@GMAIL.COM', 7, 14, 4),
('1045696829', 1, '1045696829', 'YORGELIS   CAROLINA', 'PEDROZA ZABALETA', '3016806110', 'emperatrizmh@gmail.com', 11, 22, 4),
('1045699842', 1, '1045699842', 'JORGE LUIS ', 'CHARRIS BRACAMONTE', '3186000178', 'ESCUDEROJULIETH4@GMAIL.COM', 7, 14, 4),
('1045700424', 3, '1045700424', 'ELIM JOSE', 'GUTIERREZ FLORES', '3046807134', 'BIOQUIM1993@OUTLOOK.ES', 8, 16, 4),
('1045707006', 3, '1045707006', 'YEIMARI MICHELL', 'BORJA MARRUGO', '3045634058', 'ESCUDEROJULIETH4@GMAIL.COM', 7, 14, 4),
('1045709220', 3, '1045709220', 'JHON BAYRO', 'CORREA MARRUGO', '3045634058', 'linaluz1717@hotmail.com', 5, 11, 2),
('1045718708', 3, '1045718708', 'DARWIN DAVID', 'MARTINEZ PERTUZ', '', 'ESCUDEROJULIETH4@GMAIL.COM', 7, 14, 1),
('1045729446', 1, '1045729446', 'JEAN CARLOS', 'MANOSALVA OÑATE', '3015792926', 'ESCUDEROJULIETH4@GMAIL.COM', 7, 14, 4),
('1045742308', 1, '1045742308', 'DANISA ', 'MARTINEZ TORRES', '3162499519', 'stefania.0511@hotmail.com', 4, 6, 1),
('1045757487', 3, '1045757487', 'DIEGO DE JESUS', 'REALES AQUINO', '3003850974', 'johanapmp01@gmail.com', 3, 2, 4),
('1045757488', 3, '1045757488', 'ENRIQUE ALEJANDRO', 'REALES AQUINO', '3045837219', 'Anamilethsarmiento17@gmail.com', 3, 3, 4),
('1046700226', 1, '1046700226', 'MOISES   DAVID', 'RODRIGUEZ HERRERA', '3022213111', 'emperatrizmh@gmail.com', 11, 22, 4),
('1046703786', 3, '1046703786', 'SINAY', 'DE LOS REYES', '3243197148', 'jloraf07@hotmail.com', 9, 18, 4),
('1046709495', 1, '1046709495', 'SEAN DE JESUS ', 'PEREZ CEBALLOS', '3014433421', 'MARYLUZVARGASRIVERA@GMAIL.COM', 3, 5, 2),
('1046714826', 3, '1046714826', 'DANIELA PAOLA', 'CAMACHO RODRIGUEZ', '3244335426', 'Anamilethsarmiento17@gmail.com', 6, 13, 2),
('1046727000', 3, '1046727000', 'ADRIANA MERCEDES', 'PADILLA ORTIZ', '3004750666', 'johanapmp01@gmail.com', 3, 2, 4),
('1046873160', 1, '1046873160', 'ADRIAN   DAVID', 'GUERRERO SALGADO', '311 413438', 'emperatrizmh@gmail.com', 11, 22, 4),
('1047045895', 3, '1047045895', 'MICHEL ANDREA', 'PADILLA MARTINEZ', '3013311312', 'ESCUDEROJULIETH4@GMAIL.COM', 7, 14, 4),
('1047048881\r\n10470488', 1, '1047048881', 'ANDERSON RAFAEL', 'FLORES JOAKEL', '3028680801', 'BIOQUIM1993@OUTLOOK.ES', 8, 16, 4),
('1047049401', 3, '1047049401', 'KEREN DANIELA', 'HERNANDEZ MARTINEZ', '3224956215', 'BIOQUIM1993@OUTLOOK.ES', 8, 16, 4),
('1047049756', 1, '1047049756', 'SHERYL NICOLL', 'CORREA ALVIS', '3107049675', 'jloraf07@hotmail.com', 9, 18, 4),
('1047050337', 3, '1047050337', 'MERLIS YULIAN', 'MORELOS DORIAN', '3006123990', 'ESCUDEROJULIETH4@GMAIL.COM', 7, 14, 4),
('1047052969', 3, '1047052969', 'JUAN ANDRES', 'MACIAS NIETO', '3002828022', 'MARYLUZVARGASRIVERA@GMAIL.COM', 3, 5, 2),
('1047054167', 3, '1047054167', 'YORDEILYS SOFIA', 'REALES PEREZ', '3023201350', 'MARYLUZVARGASRIVERA@GMAIL.COM', 3, 5, 2),
('1047055382', 3, '1047055382', 'OMAR JOSE', 'CHAVEZ FUENTES', '3128998725', 'MARYLUZVARGASRIVERA@GMAIL.COM', 3, 5, 2),
('1047058244', 3, '1047058244', 'MAYOLIN ROSA', 'BARANDICA MATOS', '3203865889', 'MARYLUZVARGASRIVERA@GMAIL.COM', 3, 5, 2),
('1047058433', 3, '1047058433', 'TIFFANY MILENA', 'BOSSIO PEREZ', '3001494446', 'johanapmp01@gmail.com', 3, 2, 4),
('1047061610', 3, '1047061610', 'YAILIN PAOLA', 'NIEBLES DORIAN', '3207378095', 'MARYLUZVARGASRIVERA@GMAIL.COM', 3, 5, 2),
('1047237764', 1, '1047237764', 'MILEYDIS CAROLAY', 'NATERA CORREA', '3045634058', 'MARYLUZVARGASRIVERA@GMAIL.COM', 3, 5, 2),
('1047241374', 3, '1047241374', 'KENER ANDRES', 'CABARCAS GOENAGA', '3126458790', 'MARYLUZVARGASRIVERA@GMAIL.COM', 3, 5, 2),
('1047355952', 3, '1047355952', 'JORGELIS DE JESUS ', 'CHARRIS MERCADO', '3012778683', 'diana08vargas@hotmail.com', 5, 9, 4),
('1047362568', 3, '1047362568', 'BELEM SOFIA', 'ESCALANTE PIZARRO', '3244948095', 'MARYLUZVARGASRIVERA@GMAIL.COM', 3, 5, 2),
('1048076211', 1, '1048076211', 'EMELITH SANDRITH', 'MARTINEZ CORREA', '3205504816', 'Anamilethsarmiento17@gmail.com', 6, 13, 2),
('1048078176', 1, '1048078176', 'DAILIS NICOLL', 'MARTINEZ VILLALOBOS', '3006679142', 'Anamilethsarmiento17@gmail.com', 6, 13, 2),
('1048079046', 3, '1048079046', 'JUAN ESTEBAN ', 'JIMENEZ BALZA', '3005981005', 'Julianis0616@hotmail.com', 6, 12, 4),
('1048236137', 1, '1048236137', 'VALENTINA ISABEL', 'FERRIGNO MEZA', '3235098740', 'ESCUDEROJULIETH4@GMAIL.COM', 7, 14, 4),
('1048272402', 1, '1048272402', 'SANTIAGO JUNIOR', 'GIL MORELO', '', 'ESCUDEROJULIETH4@GMAIL.COM', 7, 14, 2),
('1048272424', 3, '1048272424', 'MELO BLANDON\r\nHERNAN  DAVID', 'MELO BLANDON', '3024650211', 'emperatrizmh@gmail.com', 11, 22, 4),
('1048273487', 5, '1048273487', 'CHEYRI     CAROLINA', 'CANTILLO MANCERA', '322 663016', 'emperatrizmh@gmail.com', 11, 22, 4),
('1048275020', 3, '1048275020', 'MAICOL EMIRO', 'BARONA BORRERO', '321 866771', 'emperatrizmh@gmail.com', 11, 22, 4),
('1048276154', 1, '1048276154', 'CAMILO ANDRES ', 'GAMERO GUTIERREZ', '', 'BIOQUIM1993@OUTLOOK.ES', 8, 16, 4),
('1048276742', 3, '1048276742', 'DANIELA  ISABEL', 'AHUMADA SIMANCA', '3006965715', 'emperatrizmh@gmail.com', 11, 23, 4),
('1048276798', 1, '1048276798', 'JESSICA   DANIELA', 'DE LA ROSA RAMIREZ', '315 228264', 'emperatrizmh@gmail.com', 11, 22, 4),
('1048278323', 1, '1048278323', 'YOSELIN', 'CASTRO CASTILLO', '3116175232', 'emperatrizmh@gmail.com', 11, 23, 2),
('1048278627', 1, '1048278627', 'ROXANA ISABEL', 'CARDENAS DE MOYA', '3004806051', 'emperatrizmh@gmail.com', 11, 23, 2),
('1048278749', 1, '1048278749', 'LEISY  PAOLA', 'PERDOMO GRANADOS', '3013757404', 'emperatrizmh@gmail.com', 11, 22, 4),
('1048278950', 1, '1048278950', 'SHARI', 'LEON ILLERA', '3017363052', 'emperatrizmh@gmail.com', 11, 22, 4),
('1048280609', 3, '1048280609', 'OMAR YESITH', 'CASTRO RODRIGUEZ', '3028659134', 'diana08vargas@hotmail.com', 5, 10, 2),
('1048281349', 3, '1048281349', 'CARLOS ARTURO', 'GARIZABALO MARTINEZ', '3243023516', 'ESCUDEROJULIETH4@GMAIL.COM', 7, 14, 2),
('1048282160', 1, '1048282160', 'KENETH SIMON', 'CABARCAS PICALUA', '3113662254', 'emperatrizmh@gmail.com', 11, 23, 2),
('1048282175', 3, '1048282175', 'ALEJANDRO   JESUS', 'RUIZ MARTINEz', '3226094704', 'emperatrizmh@gmail.com', 11, 22, 4),
('1048282245', 1, '1048282245', 'JESSICA JULIETH', 'FERRER TRIGO', '3216980021', 'ESCUDEROJULIETH4@GMAIL.COM', 7, 14, 2),
('1048282925', 1, '1048282925', 'ALBERTO MANUEL', 'DE LA ROSA RAMIREZ', '3152282649', 'jloraf07@hotmail.com\r\njloraf07@hotmail.com\r\n\r\n\r\njloraf07@hotmail.com\r\njloraf07@hotmail.com\r\njloraf07@hotmail.com\r\njloraf07@hotmail.com', 9, 18, 4),
('1048283210', 1, '1048283210', 'EFRAIN', 'SALAZAR CASTRO', '3245997518', 'ESCUDEROJULIETH4@GMAIL.COM', 7, 14, 4),
('1048283545', 1, '1048283545', 'ANGELA  SUDITH', 'MANGA SOTO', '3205624369', 'emperatrizmh@gmail.com', 11, 22, 4),
('1048283614', 1, '1048283614', 'TALIANA    MICHELL', 'URUETA HERNANDEZ', '321539051', 'emperatrizmh@gmail.com', 11, 22, 4),
('1048283741', 3, '1048283741', 'KATI DAYANA', 'ECHEVERRIA GONZALEZ', '3013112300', 'ESCUDEROJULIETH4@GMAIL.COM', 7, 14, 2),
('1048284324', 1, '1048284324', 'JAVIER ENRIQUE', 'HERNANDEZ REALES', '3042376473', 'ESCUDEROJULIETH4@GMAIL.COM', 7, 14, 1),
('1048284624', 1, '1048284624', 'DARWIN STHI', 'MANOTAS OLIVARES', '3207676004', 'BIOQUIM1993@OUTLOOK.ES', 8, 16, 4),
('1048286474', 3, '1048286474', 'SANTIAGO ANDRES ', 'BURIEL DIAZ', '3103778252', 'ESCUDEROJULIETH4@GMAIL.COM', 7, 14, 2),
('1048286703', 1, '1048286703', 'JHON MANUEL', 'DIAZ HERRERA', '3136944651', 'ESCUDEROJULIETH4@GMAIL.COM', 7, 14, 4),
('1048286975', 3, '1048286975', 'MARLON ', 'MADARRIAGA FUENTES', '3003432643', 'ESCUDEROJULIETH4@GMAIL.COM', 7, 14, 2),
('1048287997', 1, '1048287997', 'SERGIO EMRIQUE ', 'SOTO BARRIOS', '3116706199', 'Julianis0616@hotmail.com', 6, 12, 4),
('1048288271', 1, '1048288271', 'VALENTINA MICHELL', 'DIAZ ARRIETA', '3170765769', 'BIOQUIM1993@OUTLOOK.ES', 8, 16, 4),
('1048288794', 1, '1048288794', 'JANNER SMITH', 'SUAREZ ROLON', '', 'ESCUDEROJULIETH4@GMAIL.COM', 7, 14, 2),
('1048288844', 1, '1048288844', 'ELIECER ALBERTO', 'HEREIRA MEZA', '3017439966', 'BIOQUIM1993@OUTLOOK.ES', 8, 16, 4),
('1048288845', 1, '1048288845', 'SNEIDER JOSE', 'MEJIA FRIAS', '3216766527', 'ESCUDEROJULIETH4@GMAIL.COM', 7, 14, 2),
('1048289100', 1, '1048289100', 'MIGUEL ANGEL', 'MANGA BARCELO', '3107063625', 'ESCUDEROJULIETH4@GMAIL.COM', 7, 14, 2),
('1048289297', 3, '1048289297', 'LUZ MEY', 'CARPIO ZAPATA', '3046813783', 'BIOQUIM1993@OUTLOOK.ES', 8, 16, 4),
('1048289744\r\n10482897', 3, '1048289744', 'JUAN ESTEBAN', 'VERGARA CEPEDA', '3013510502', 'ESCUDEROJULIETH4@GMAIL.COM', 7, 14, 2),
('1048289764\r\n10482897', 1, '1048289764', 'LUZ ANDREA ', 'DIAZ GONZALEZ', '3012456877', 'BIOQUIM1993@OUTLOOK.ES', 8, 16, 4),
('1048289768', 3, '1048289768', 'MIREILIS CELESTE', 'PARRA MESA', '', 'ESCUDEROJULIETH4@GMAIL.COM', 7, 14, 4),
('1048290125', 3, '1048290125', 'ALAN JOSE', 'RUIZ MARTINEZ', '3226094704', 'Julianis0616@hotmail.com', 6, 12, 3),
('1048290488', 1, '1048290488', 'ISABELLA', 'GALAN ORELLANO', '3001368985', 'ESCUDEROJULIETH4@GMAIL.COM', 7, 14, 4),
('1048290489', 1, '1048290489', 'LORENA PATRICIA', 'NIETO DIAZ', '3186202088', 'ESCUDEROJULIETH4@GMAIL.COM', 7, 14, 2),
('1048290500', 1, '1048290500', 'ANGEL GABRIEL ', 'MALDONADO PACHECO', '3216688270', 'diana08vargas@hotmail.com', 5, 10, 2),
('1048290752', 3, '1048290752', 'BREINER DAVID', 'MEJIA MARTINEZ', '', 'ESCUDEROJULIETH4@GMAIL.COM', 7, 14, 2),
('1048290923', 3, '1048290923', 'LUYSA NATALIA ', 'MANGA SOTO', '3205624369', 'BIOQUIM1993@OUTLOOK.ES\r\n', 8, 16, 4),
('1048291137', 3, '1048291137', 'ARLEIDIS MICHEL', 'DIAZ DE MOYA', '3175541331', 'diana08vargas@hotmail.com', 5, 10, 2),
('1048291162', 3, '1048291162', 'ZENITH ELENA', 'DE LA ROSA RAMIREZ', '3152282649', 'ESCUDEROJULIETH4@GMAIL.COM', 7, 14, 2),
('1048291239', 3, '1048291239', 'YAJAIRA PATRICIA ', 'DIAZ HERRERA', '3136944651', 'diana08vargas@hotmail.com', 5, 9, 4),
('1048291423', 1, '1048291423', 'KENDRY LUCIA', 'DE MOYA DIAZ', '3004992959', 'ESCUDEROJULIETH4@GMAIL.COM', 7, 14, 4),
('1048292108', 1, '1048292108', 'SHADAY PATRICIA ', 'DE LA HOZ ARCE', '3022544222', 'ESCUDEROJULIETH4@GMAIL.COM', 7, 14, 2),
('1048292138', 3, '1048292138', 'MIGUEL ANGEL', 'DE AVILA MELENDEZ', '3122403735', 'ESCUDEROJULIETH4@GMAIL.COM', 7, 14, 4),
('1048292251', 1, '1048292251', 'LUZ DANIA', 'HERRERA FLOREZ', '3207276699', 'Julianis0616@hotmail.com', 6, 12, 4),
('1048292357', 1, '1048292357', 'JOSTIN ANDRES ', 'ROJAS SANTANA', '3004246931', 'diana08vargas@hotmail.com', 5, 10, 2),
('1048292725', 3, '1048292725', 'IVAN RENE ', 'MANGA BARCELO', '3044725032', 'diana08vargas@hotmail.com', 5, 10, 2),
('1048292864', 3, '1048292864', 'INGRID VALENTINA', 'HEREIRA MEZA', '3017439966', 'ESCUDEROJULIETH4@GMAIL.COM', 7, 14, 4),
('1048292971', 3, '1048292971', 'KEVIN DAVID ', 'JULIO CANTILLO', '3043595916', 'diana08vargas@hotmail.com', 5, 10, 2),
('1048293052', 1, '1048293052', 'ARMANDO RICARDO ', 'VARGAS ROMERO', '3122316071', 'diana08vargas@hotmail.com', 5, 10, 2),
('1048293084', 3, '1048293084', 'CRISTIAN ANDRES ', 'RIQUELME DIAZ', '3045470257', 'Julianis0616@hotmail.com', 6, 12, 4),
('1048293825', 3, '1048293825', 'KEIVER ', 'CAUSADO RODRIGUEZ', '3245707874', 'linaluz1717@hotmail.com', 5, 11, 2),
('1048293826', 3, '1048293826', 'KEVIS ', 'CAUSADO RODRIGUEZ', '3245707874', 'linaluz1717@hotmail.com', 5, 11, 2),
('1048293950', 3, '1048293950', 'KATERIN ADRIANA', 'GUTIERREZ FLOREZ', '3244782167', 'ESCUDEROJULIETH4@GMAIL.COM', 7, 14, 4),
('1048294036', 3, '1048294036', 'EDWIN SEBASTIAN', 'NIETO RODRIGUEZ', '3024638277', 'diana08vargas@hotmail.com', 5, 10, 2),
('1048294048', 0, '1048294048', 'EDWIN ENRIQUE', 'BARRAZA CAMARGO', '3044082003', 'stefania.0511@hotmail.com\r\nstefania.0511@hotmail.com', 4, 6, 1),
('1048294781', 3, '1048294781', 'ZAIR JHOSUE', 'CASTILLO ARRIETA', '3022290299', 'stefania.0511@hotmail.com', 4, 6, 1),
('1048295121', 3, '1048295121', 'EMANUEL ', 'LEON ILLERA', '3017363052', 'diana08vargas@hotmail.com', 5, 9, 4),
('1048295693', 3, '1048295693', 'ROSA LINDA', 'DE MOYA CAMARGO', '3136793046', 'stefania.0511@hotmail.com', 4, 7, 1),
('1048295825', 3, '1048295825', 'JORJHAN', 'AMADOR MESTRA', '3109382532', 'stefania.0511@hotmail.com', 4, 7, 1),
('1048295963', 1, '1048295963', 'SARA ISABEL ', 'SOTO BARRIOS', '3244621369', 'diana08vargas@hotmail.com', 5, 9, 4),
('1048296499', 3, '1048296499', 'ISABELLA SOFIA ', 'FONTALVO ARAUJO', '3043046278', 'Julianis0616@hotmail.com', 6, 12, 4),
('1048296640', 3, '1048296640', 'ISMAR SAMUEL', 'VALVERDE MOLINARES', '3014837022', 'ESCUDEROJULIETH4@GMAIL.COM', 7, 14, 2),
('1048296678', 3, '1048296678', 'LUIS ALEJANDRO ', 'MENDOZA LUNA', '3005518374', 'Julianis0616@hotmail.com', 6, 12, 4),
('1048299707', 3, '1048299707', 'JHON DAVID ', 'LAZARO GARCIA', '3154016914', 'diana08vargas@hotmail.com', 5, 9, 4),
('1048300030', 3, '1048300030', 'SHAROOL MICHELL', 'DIAZ MONTERO', '3216766506', 'diana08vargas@hotmail.com', 5, 10, 2),
('1048301393', 1, '1048301393', 'ESNEIDER ALEJANDRO', 'GUTIERREZ MATTOS', '2344030708', 'Julianis0616@hotmail.com', 6, 12, 4),
('1048304286', 3, '1048304286', 'EMILY ELIT ', 'ARIAS TRIGO', '3138562723', 'diana08vargas@hotmail.com', 5, 9, 4),
('1048304409', 3, '1048304409', 'KEYLEN GUADALUPE', 'ESCORCIA SANTIAGO', '3012559895', 'diana08vargas@hotmail.com', 5, 10, 2),
('1048308407', 3, '1048308407', 'SAMIR', 'BORJA PEDRAZA', '3243447500', 'stefania.0511@hotmail.com', 4, 7, 1),
('1048309107', 3, '1048309107', 'JASIR DE JESUS ', 'ACOSTA BALZA', '305229480', 'Julianis0616@hotmail.com', 6, 12, 4),
('1048310943', 3, '1048310943', 'LUCIANA SOFIA ', 'SIERRA MENDOZA', '3005845044', 'Julianis0616@hotmail.com', 6, 12, 4),
('1048314646', 1, '1048314646', 'AIXA KAROLINA ', 'MELO BLANDON', '3024650211', 'stefania.0511@hotmail.com', 4, 6, 1),
('1048314983', 3, '1048314983', 'JERALDINEE PHAOLA', 'TORRES PEÑARANDA', '3008832960', 'diana08vargas@hotmail.com', 5, 10, 2),
('1048316073', 3, '1048316073', 'REYLIS CAROLINA ', 'FLOREZ DONADO', '3022652167', 'Julianis0616@hotmail.com', 6, 12, 4),
('1048317378', 3, '1048317378', 'SEBASTIAN ANDRES ', 'ROPERO DIAZ', '3007392033', 'diana08vargas@hotmail.com', 5, 9, 4),
('1048319554', 3, '1048319554', 'JORGE ALBERTO', 'DURAN FLOREZ', '3024584566', 'stefania.0511@hotmail.com', 4, 6, 1),
('1048319846', 3, '1048319846', 'YEINER YESID ', 'PEREZ GIL', '3505123621', 'diana08vargas@hotmail.com', 5, 9, 4),
('1048319931', 3, '1048319931', 'YEISON   ANDRES ', 'MOYA GUTIERREZ', '3146511407', 'stefania.0511@hotmail.com', 4, 6, 1),
('1048321132', 3, '1048321132', 'JULIETH LOERNA ', 'GONZALEZ DE LA HOZ', '3184681691', 'johanapmp01@gmail.com', 3, 4, 2),
('1048321458', 3, '1048321458', 'MAYERLIS', 'DE MOYA CAMARGO', '3136793046', 'stefania.0511@hotmail.com', 4, 7, 1),
('1048321490', 3, '1048321490', 'BRIANNYS SOFIA', 'CAMACHO BARRIOS', '3004049464', 'stefania.0511@hotmail.com', 4, 6, 1),
('1048321782', 3, '1048321782', 'MOISES', 'GARIZABALO CASTILLO', '3002340200', 'johanapmp01@gmail.com', 3, 4, 2),
('1048321859', 3, '1048321859', 'NAOMIS GERALDINE', 'MARIN SANDOVAL', '3207571790', 'stefania.0511@hotmail.com', 4, 6, 1),
('1048322156', 3, '1048322156', 'SAMUEL', 'VITALI LAZARO', '3182463147', 'johanapmp01@gmail.com', 3, 4, 2),
('1048322435', 1, '1048322435', 'NEIVYS PAOLA ', 'MANCILLA SANDOVAL', '3126417623', 'johanapmp01@gmail.com', 3, 4, 2),
('1048322529', 3, '1048322529', 'SAMUEL DAVID', 'BARRIOS PEREIRA', '3003244328', 'johanapmp01@gmail.com', 3, 2, 4),
('1048322632', 3, '1048322632', 'DANEYSI PAOLA ', 'VELEZ DUNCAN', '3107158280', 'diana08vargas@hotmail.com', 5, 9, 4),
('1048323370', 3, '1048323370', 'ZAIDER MIGUEL ', 'MADERA MARTINEZ', '3163128896', 'stefania.0511@hotmail.com', 4, 6, 1),
('1048323592', 3, '1048323592', 'JUNIOR SANTIAGO', 'TAPIA ACOSTA', '3218408428', 'johanapmp01@gmail.com', 3, 2, 4),
('1048323772', 3, '1048323772', 'DARIANY MICHEL', 'VILLAREAL CARRACEDO', '3013892279', 'johanapmp01@gmail.com', 3, 2, 4),
('1048324315', 3, '1048324315', 'DEIDER YESID', 'DE AVILA MELENDEZ', '3122403735', 'johanapmp01@gmail.com', 3, 2, 4),
('1048324878', 3, '1048324878', 'MAROLYN PAOLA ', 'VILLALOBOS NAVARRO', '3045877626', 'johanapmp01@gmail.com', 3, 4, 2),
('1048324961', 3, '1048324961', 'ASHLEY ISABEL', 'LLINAS ARAUJO', '3022477122', 'johanapmp01@gmail.com', 3, 2, 4),
('1048325028', 3, '1048325028', 'ALANA SOFIA', 'OSPINO VILLEGAS', '3167885772', 'johanapmp01@gmail.com', 3, 2, 4),
('1048325082', 3, '1048325082', 'ALDEMAR JUNIOR', 'VALVERDE MOLINARES', '3014837022', 'johanapmp01@gmail.com', 3, 2, 4),
('1048325097', 3, '1048325097', 'TALIA TATIANA', 'RODRIGUEZ LUQUEZ', '3003313000', 'johanapmp01@gmail.com', 3, 2, 4),
('1048325583', 3, '1048325583', 'LUILLI DE JESUS ', 'MANGASOTO', '3205624369', 'stefania.0511@hotmail.com', 4, 6, 1),
('1048326108', 3, '1048326108', 'ANGEL YESID', 'GARCIA DE ALBA', '3008491536', 'johanapmp01@gmail.com', 3, 2, 4),
('1048326194', 3, '1048326194', 'SHARITH NICOLL', 'DE LA ROSA RAMIREZ', '3152282649', 'johanapmp01@gmail.com', 3, 2, 4),
('1048326242', 3, '1048326242', 'ZLATAN  ANDRES ', 'FLOREZ DONADO', '3022658742', 'johanapmp01@gmail.com', 3, 4, 2),
('1048326530', 3, '1048326530', 'LEIDYS MARGARITA', 'DIAZ DE MOYA', '3175541331', 'Anamilethsarmiento17@gmail.com', 3, 3, 4),
('1048326572', 3, '1048326572', 'SHADDAI JOSE ', 'ROMERO VASQUEZ', '3002020796', 'johanapmp01@gmail.com', 3, 4, 2),
('1048326615', 3, '1048326615', 'SAMUEL DAVID', 'SALGADO DE MOYA', '3153085355', 'Anamilethsarmiento17@gmail.com', 3, 3, 4),
('1048326789', 3, '1048326789', 'GENESIS YIRETH ', 'RODRIGUEZ VERGEL', '3106711743', 'johanapmp01@gmail.com', 3, 4, 2),
('1048326816', 3, '1048326816', 'JACECOVICK', 'MENDOZA AVENDAÑO', '3022111512', 'Anamilethsarmiento17@gmail.com', 3, 3, 4),
('1048327480', 3, '1048327480', 'YURLEIDYS PAOLA', 'GONZALEZ DE LA HOZ', '3024903136', 'Anamilethsarmiento17@gmail.com', 3, 3, 4),
('1048327611', 3, '1048327611', 'YERSON SMITH', 'BLANCO IBAÑEZ', '3114111713', 'Anamilethsarmiento17@gmail.com', 3, 3, 4),
('1048327989', 3, '1048327989', 'WESLEY SNEIJDER', 'HERAS MARTINEZ', '3148764908', 'johanapmp01@gmail.com', 3, 2, 4),
('1048328000', 3, '1048328000', 'ANGEL DE JESUS', 'GARCIA MELO', '3126020922', 'Anamilethsarmiento17@gmail.com', 3, 3, 4),
('1048328196', 3, '1048328196', 'ANA LUCIA', 'VITALI LAZARO', '3182463147', 'Anamilethsarmiento17@gmail.com', 3, 3, 4),
('1048328899', 3, '1048328899', 'KELIAN JESUS', 'VALDES CORDOBA', '3024203607', 'johanapmp01@gmail.com', 3, 2, 4),
('1048329181', 3, '1048329181', 'ASHELY JHOANA', 'SOTO BARRIOS', '3022128011', 'Anamilethsarmiento17@gmail.com', 3, 3, 4),
('1048329352', 3, '1048329352', 'MATHIWS', 'GARAVITO MARIN', '3104101728', 'Anamilethsarmiento17@gmail.com', 3, 3, 4),
('1048329526', 3, '1048329526', 'JULIO MATHEW', 'HIGUERA PEREZ', '3024102617', 'Anamilethsarmiento17@gmail.com', 3, 3, 4),
('1048329742', 3, '1048329742', 'ELIMAR ISABEL ', 'VALENCIA SANCHEZ', '3014674760', 'johanapmp01@gmail.com', 3, 4, 2),
('1048329743', 3, '1048329743', 'OSCAR LEONEL ', 'VALENCIA SANCHEZ', '3014674760', 'stefania.0511@hotmail.com', 4, 6, 1),
('1048330697', 3, '1048330697', 'JESUS DAVID', 'IBARRA BARRAZA', '3007213443', 'MARYLUZVARGASRIVERA@GMAIL.COM', 3, 5, 2),
('1048330886', 3, '1048330886', 'LUIS ENRIQUE', 'BARROSO DE LA HOZ', '3004267873', 'jloraf07@hotmail.com', 9, 18, 4),
('1048330887', 3, '1048330887', 'LIXY PAOLA', 'BARROSO DE LA HOZ', '3015948764', 'stefania.0511@hotmail.com', 4, 7, 1),
('1048331731', 3, '1048331731', 'ARIANA NICOLL ', 'VARGAS SANTANA', '3043705980', 'Anamilethsarmiento17@gmail.com', 3, 3, 4),
('1048331982', 3, '1048331982', 'GILBERTO JOSE', 'GONZALEZ GONZALEZ', '3212150708', 'Anamilethsarmiento17@gmail.com', 3, 3, 4),
('1048334042', 3, '1048334042', 'FRANYELIS VALENTINA', 'ACOSTA DIAZ', '3052373627', 'stefania.0511@hotmail.com', 4, 6, 1),
('1048335208', 3, '1048335208', 'MIGUEILYS JOSMELYS', 'MARMOL MORA', '3243207257', 'MARYLUZVARGASRIVERA@GMAIL.COM', 3, 5, 2),
('1048709653', 3, '1048709653', 'HECTOR JESUS', 'LLANOS RAMOS', '3054109929', 'Anamilethsarmiento17@gmail.com', 6, 13, 2),
('1050734866', 3, '1050734866', 'JESUS DAVID', 'GUEVARA CERRO', '3126469120', 'Anamilethsarmiento17@gmail.com', 3, 3, 4),
('1051830475', 3, '1051830475', 'ANDRES CAMILO', ' TORRES CARRASQUILLA', '', 'stefania.0511@hotmail.com', 4, 6, 1),
('1052080148', 1, '1052080148', 'DAYERLYS   SOFIA', 'MORENO TAPIA', '3117679518', 'emperatrizmh@gmail.com', 11, 22, 4),
('1052083760', 3, '1052083760', 'JEUSUS ARTURO ', 'DE LA OSSA FERIA', '3145665347', 'Julianis0616@hotmail.com', 6, 12, 4),
('1052095539', 3, '1052095539', 'HELEN ELIF ', 'DE LA OSSA FERIA', '3207276699', 'johanapmp01@gmail.com', 3, 4, 2),
('1052992621', 3, '1052992621', 'JAHIDER EDDIE', 'MENDOZA LUNA', '3054124472', 'Anamilethsarmiento17@gmail.com', 6, 13, 2),
('1052994595', 1, '1052994595', 'YAIR', 'RAMIREZ GUEVARA', '3126469120', 'stefania.0511@hotmail.com', 4, 6, 1),
('1054324566', 1, '1054324566', 'WILLIANYS', 'SOTO WILLIANS', '3215040099', 'ESCUDEROJULIETH4@GMAIL.COM', 7, 14, 2),
('1061814598', 3, '1061814598', 'MIGUEL ANGEL', 'MARTINEZ SANCHEZ', '3155673744', 'Anamilethsarmiento17@gmail.com', 3, 3, 4),
('1064791057', 3, '1064791057', 'KEINER    ANDRES', 'DUQUE SABALLE', '300 784858', 'emperatrizmh@gmail.com', 11, 22, 4),
('1065913121', 3, '1065913121', 'DIDIER JOSUE', 'NIEBLES PEREZ', '3146791566', 'johanapmp01@gmail.com', 3, 2, 4),
('1065977049', 3, '1065977049', 'NEILER JOSUED', 'ANGULO NIEBLES', '3146791566', 'Anamilethsarmiento17@gmail.com', 3, 3, 4),
('1067035281', 3, '1067035281', 'EIDER ENRIQUE', 'RODRIGUEZ GUERRA', '3106586161', 'ESCUDEROJULIETH4@GMAIL.COM', 7, 14, 2),
('1067620485', 3, '1067620485', 'SAMUEL DAVID ', 'ALTAMAR RODRIGUEZ', '3043705980', 'Anamilethsarmiento17@gmail.com', 6, 13, 2),
('1068138332', 1, '1068138332', 'VALENTINA   DEL CARMEN', 'TOLEDO SANES', '3126885593', 'emperatrizmh@gmail.com', 11, 22, 4),
('1068138333', 1, '1068138333', 'JUAN   DAVID', 'TOLEDO SANES', '3116885593', 'emperatrizmh@gmail.com', 11, 22, 4),
('1072259653', 1, '1072259653', 'DUVAN FELIPE', 'GUTIERREZ AMAYA', '3137811974', 'ESCUDEROJULIETH4@GMAIL.COM', 7, 14, 2),
('1079936813', 1, '1079936813', 'SAMUEL ANTONIO ', 'SANTANA NAVARRO', '3003054175', 'diana08vargas@hotmail.com', 5, 9, 4),
('1079939545', 3, '1079939545', 'MARIA DE LOS ANGELES', 'ESCORCIA CABARCAS', '3233355294', 'stefania.0511@hotmail.com', 4, 6, 1),
('1081808860', 3, '1081808860', 'SHEILIN JHOANA', 'ARIZA CARBACHO', '3234200291', 'jloraf07@hotmail.com', 9, 18, 4),
('1081912336', 1, '1081912336', 'JHONIER ENRIQUE', 'CABARCAS TOBIAS', '', '', 11, 23, 2),
('1081931127', 3, '1081931127', 'JUAN DAVID', 'RODRIGUEZ SIMANCA', '3144204758', 'Anamilethsarmiento17@gmail.com', 3, 3, 4),
('1082496625', 1, '1082496625', 'JESUS ADRIAN', 'GARCÍA PAYARES', '3146469842', 'MARYLUZVARGASRIVERA@GMAIL.COM', 3, 5, 2),
('1083561886', 1, '1083561886', 'JORGEN ELIECER', 'GUERRERO MARTINEZ', '3244900260', 'linaluz1717@hotmail.com', 5, 11, 2),
('1085096843', 1, '1085096843', 'AISLYN SHANNEL', 'GALINDO SERPA', '3023850698', 'BIOQUIM1993@OUTLOOK.ES', 8, 16, 4),
('1094063079', 3, '1094063079', 'KARLA NAHOMY', 'MIRANDA CORMANE\r\nMIRANDA CORMANE', '3114629816', 'johanapmp01@gmail.com', 3, 4, 2),
('1098073473', 1, '1098073473', 'AMALIA', 'ROJAS PAREDES', '3153854183', 'emperatrizmh@gmail.com', 11, 22, 4),
('1106396819', 3, '1106396819', 'DYLAN ESTEBAN ', 'CASTRO GONZALEZ', '3128328184', 'ESCUDEROJULIETH4@GMAIL.COM', 7, 14, 4),
('1109419759', 1, '1109419759', 'LINA MARCELA', 'OSPINO BEJARANO', '3046782685', 'stefania.0511@hotmail.com', 4, 6, 1),
('1111553617', 3, '1111553617', 'JUAN DAVID', 'GIRALDO DUQUE', '3136607756', 'ESCUDEROJULIETH4@GMAIL.COM', 7, 14, 2),
('1123416954', 3, '1123416954', 'ZAIRETH DAYANA', 'TATIS GASTELBONDO', '3245160554', 'Anamilethsarmiento17@gmail.com', 3, 3, 4),
('1128328867', 1, '1128328867', 'BREINER SEBASTIAN', 'GARCÍA PAYARES', '3146469842', 'Anamilethsarmiento17@gmail.com', 6, 13, 2),
('1129493297', 1, '1129493297', 'JOERLIS MICHELL', 'PACHECO RODRIGUEZ', '3058088399', 'emperatrizmh@gmail.com', 11, 22, 4),
('1130266742', 3, '1130266742', 'SARAY', 'RAMIREZ RAPALINO', '3152282649', 'emperatrizmh@gmail.com', 11, 22, 4),
('1130267237', 1, '1130267237', 'CARLOS SANTIAGO', 'CASTRO OROZCO', '3124568579', 'jloraf07@hotmail.com', 9, 18, 4),
('1130272887', 1, '1130272887', 'KENER JUNIOR ', 'CANTILLO MANJARREZ', '3174536203', 'BIOQUIM1993@OUTLOOK.ES', 8, 16, 4),
('1130274522', 3, '1130274522', 'OSMAIRO JOSE ', 'CALVO MARTINEZ', '3164747954', 'diana08vargas@hotmail.com', 5, 11, 4),
('1130275169', 1, '1130275169', 'SHADAY SALEM', 'DIAZ AGAMEZ', '3243206454', 'diana08vargas@hotmail.com', 5, 10, 2),
('1130277154', 3, '1130277154', 'KEILER DAVID ', 'GUTIERREZ RODRIGUEZ', '3002339527', 'johanapmp01@gmail.com', 3, 4, 2),
('1130277217', 3, '1130277217', 'KIARA  ANDREA', 'DIAZ AGAMEZ', '3243206454', 'johanapmp01@gmail.com', 3, 4, 2),
('1130278197', 3, '1130278197', 'SAMUEL DAVID', 'ZAMBRANO ZAPATA', '300639823', 'Anamilethsarmiento17@gmail.com', 3, 3, 4),
('1130278245', 1, '1130278245', 'JULIO DAVID', 'ACOSTA DONADO', '3012064968', 'Anamilethsarmiento17@gmail.com', 3, 3, 4),
('1130279369', 3, '1130279369', 'ANDY DAVID', 'CASTRO CASTRO', '3013055291', 'Anamilethsarmiento17@gmail.com', 3, 3, 4),
('1131284365', 3, '1131284365', 'CRISTIAN JESUS', 'QUINTERO JIMENEZ', '3215684264', 'ESCUDEROJULIETH4@GMAIL.COM', 7, 14, 4),
('1134330737', 1, '1134330737', 'LEYDER JHOAN', 'GONZALEZ OROZCO', '', 'ESCUDEROJULIETH4@GMAIL.COM', 7, 14, 4),
('1139433860', 3, '1139433860', 'YOVANIS DE JESUS ', 'CAUSADO DURAN', '3105372070', 'Julianis0616@hotmail.com', 6, 12, 4),
('1141125573', 3, '1141125573', 'CHARIT  NICOLL', 'BAQUERO SABOGAL', '3135575248', 'diana08vargas@hotmail.com', 5, 9, 4),
('1141127761', 3, '1141127761', 'ELIANIS SOFIA', 'ARAUJO BLANCO', '3187722927', 'Julianis0616@hotmail.com', 6, 12, 4),
('1142719605', 3, '1142719605', 'ALEJANDRO JESUS ', 'LOPEZ PINZON', '3043675642', 'diana08vargas@hotmail.com', 5, 10, 2),
('1143121644', 1, '1143121644', 'ALVAREZ MANGA', 'WILSON GENNER', '313 694124', 'emperatrizmh@gmail.com', 11, 23, 2),
('1143148685', 3, '1143148685', 'MICHELLE ', 'DIAZ MORALES', '3018438186', 'Julianis0616@hotmail.com', 6, 12, 4),
('1143159486', 1, '1143159486', 'KEINER JOSE', 'GUTIERREZ MATTOS', '3244030708', 'johanapmp01@gmail.com', 3, 2, 4),
('1143165712', 3, '1143165712', 'JARLE DAVID', 'GOMEZ REALES', '3007253236', 'MARYLUZVARGASRIVERA@GMAIL.COM', 3, 5, 2),
('1143237712', 1, '1143237712', 'CHERMY LUZ', 'MEDINA CHARRIS', '3016704163', 'ESCUDEROJULIETH4@GMAIL.COM', 7, 14, 2),
('1143256201', 1, '1143256201', 'CAMILO ANDRES ', 'ORTIZ DE AGUAS', '3234775989', 'diana08vargas@hotmail.com', 5, 9, 4),
('1143262479', 1, '1143262479', 'JEAN DAVID ', 'ALTAMAR PEÑA', '3016960388', 'Julianis0616@hotmail.com', 6, 12, 4),
('1143269273', 3, '1143269273', 'WALTER ISAAC', 'LINARES GUERRERO', '3006467009', 'MARYLUZVARGASRIVERA@GMAIL.COM', 3, 5, 2),
('1143436072', 3, '1143436072', 'ADRIANA MARGARITA', 'CHAVEZ FUENTES', '3122899872', 'linaluz1717@hotmail.com', 5, 11, 2),
('1143442280', 3, '1143442280', 'EIDER MANUEL ', 'ARCIA QUINTERO', '3243078996', 'ESCUDEROJULIETH4@GMAIL.COM', 7, 14, 4),
('1143443103', 3, '1143443103', 'MARIA ISABEL ', 'CHAVEZ FUENTES', '3122899872', 'linaluz1717@hotmail.com', 5, 11, 2),
('1143443186', 3, '1143443186', 'MAISHA SAMANTHA', 'MONTERO GONZALEZ', '3126014666', 'ESCUDEROJULIETH4@GMAIL.COM', 7, 14, 4),
('1143445537', 1, '1143445537', 'VIRTOR ANTONIO ', 'POLO ALTAMAR', '3007694098', 'Julianis0616@hotmail.com', 6, 12, 4),
('1143454168', 0, '1143454168', 'CARLOS ANDRES ', 'ALVAREZ JIMENEZ', '3215644264', 'linaluz1717@hotmail.com', 4, 8, 1),
('1143455642', 3, '1143455642', 'JUAN SEBASTIAN', 'CASTRO ROJAS', '1143455642', 'johanapmp01@gmail.com', 3, 2, 4),
('1143455801', 3, '1143455801', 'MATHIAS SANTIAGO ', 'MONTERO GONZALEZ', '3126366753', 'diana08vargas@hotmail.com', 5, 9, 4),
('1143458043', 3, '1143458043', 'SHAYRA SOFIA', 'ARIZA MEDINA', '3015210644', 'stefania.0511@hotmail.com', 4, 6, 1),
('1143459194', 1, '1143459194', 'SHAYLENN SOFIA', 'RODRIGUEZ BERDUGO', '3025426337', 'johanapmp01@gmail.com', 3, 2, 4),
('1143459456', 3, '1143459456', 'THALIANYS DAYANA', 'GUTIERREZ SARA', '3024409460', 'johanapmp01@gmail.com', 3, 2, 4),
('1143466085', 3, '1143466085', 'MELANIS SOFIA', 'AGAMEZ SAGBINI', '3205402233', 'MARYLUZVARGASRIVERA@GMAIL.COM', 3, 5, 2),
('1143472652', 3, '1143472652', 'JEICOB JOSE', 'MUNIVE GARCIA', '3024042672', 'MARYLUZVARGASRIVERA@GMAIL.COM', 3, 5, 2),
('1146538634', 3, '1146538634', 'YAJEIMIS VALENTINA ', 'PEDROZA ZABALETA', '3016806110', 'Julianis0616@hotmail.com', 6, 12, 4),
('1146539562', 3, '1146539562', 'SALOME', 'VILORIA GOMEZ', '3025421586', 'MARYLUZVARGASRIVERA@GMAIL.COM', 3, 5, 2),
('1148141581', 3, '1148141581', 'EIZA FERNANDA ', 'CUADRADO MENDEZ', '3246587859', 'linaluz1717@hotmail.com', 5, 11, 2),
('1148702441', 3, '1148702441', 'LUIS MARIO', 'DIAZ MORALES', '3014838186', 'stefania.0511@hotmail.com', 4, 6, 1),
('1148961444', 1, '1148961444', 'JUAN IGNASIO', 'ROJAS GOMEZ', '3166255398', 'ESCUDEROJULIETH4@GMAIL.COM', 7, 14, 2),
('1149440951', 3, '1149440951', 'SHIRLEY PAOLA', 'AHUMADA DE LOS REYES', '3226403651', 'ESCUDEROJULIETH4@GMAIL.COM', 7, 14, 4),
('1158465338', 3, '1158465338', 'EMANUEL', 'GONZALEZ BETANCUR', '3200715720', 'Anamilethsarmiento17@gmail.com', 3, 3, 4),
('1158465393', 3, '1158465393', 'ISABEL SOFIA ', 'VERGARA CORTEZ', '3013510502', 'johanapmp01@gmail.com', 3, 4, 2),
('1158466470', 3, '1158466470', 'MAYRA ANDREA', 'ROCHA NAVAS', '3043115575', 'Anamilethsarmiento17@gmail.com', 3, 3, 4),
('1158466471', 3, '1158466471', 'MAYIBI MARIA', 'ROCHA NAVAS', '3043115575', 'Anamilethsarmiento17@gmail.com', 3, 3, 4),
('1158466800', 3, '1158466800', 'SALOME', 'CORREA ALVIS', '3016530260', 'Anamilethsarmiento17@gmail.com', 3, 3, 4),
('1158466809', 3, '1158466809', 'ASHLY JULIANA', 'GONZALEZ BETANCUR', '3200715720', 'Anamilethsarmiento17@gmail.com', 3, 3, 4),
('1176963423', 1, '1176963423', 'YORMAN JOSE', 'GRANADOS CARRILLO', '3003757404', 'BIOQUIM1993@OUTLOOK.ES', 8, 16, 4),
('1194965390', 3, '1194965390', 'EDWIN DANIEL', 'RUIZ BARRIOS', '3206493484', 'ESCUDEROJULIETH4@GMAIL.COM', 7, 15, 4),
('1194968599', 3, '1194968599', 'CAMILO ANDRES', 'MACIAS ROA', '3043804050', 'Anamilethsarmiento17@gmail.com', 6, 13, 2),
('1194969022', 3, '1194969022', 'MELANI', 'MEJIA ROJAS ROJAS', '3006255994', 'Julianis0616@hotmail.com', 6, 12, 4),
('1197963069', 3, '1197963069', 'ANDRES FELIPE ', 'CASTRO CASTRO', '3028659134', 'diana08vargas@hotmail.com', 5, 10, 2),
('1221972513', 3, '1221972513', 'DEINER ANDRES', 'GUERRERO URIELES', '3004889585', 'MARYLUZVARGASRIVERA@GMAIL.COM', 3, 5, 2),
('1222011', 2, '1222011', 'JESUS DANIEL', 'BONACI PACHECO', '3002683226', 'stefania.0511@hotmail.com', 4, 7, 1),
('1234098301', 3, '1234098301', 'JULIANA', 'ARRIETA LUNA', '3215436896', 'MARYLUZVARGASRIVERA@GMAIL.COM', 3, 5, 2),
('1235243640', 1, '1235243640', 'FRANCHESCA VALENTINA', 'VALERA MAZZO', '3008462824', 'ESCUDEROJULIETH4@GMAIL.COM', 7, 15, 4),
('12401500170', 3, '12401500170', 'ALANA GISETH', 'PACHECO OLAYA', '3176912826', 'diana08vargas@hotmail.com', 5, 9, 4),
('24050', 4, '24050', 'DIEGO ANDRES ', 'CANTILLO LECHUGA', '3012369644', 'diana08vargas@hotmail.com', 5, 9, 4),
('240795', 4, '240795', 'WILMARY PAOLA ', 'TORREALBA SUAREZ', '3116524578', 'linaluz1717@hotmail.com', 5, 11, 2),
('2746516', 4, '2746516', 'KEILA CHIQUINQUIRA ', 'CELEN CONRADO', '3195477664', 'ESCUDEROJULIETH4@GMAIL.COM', 7, 14, 2),
('3136944651', 3, '3136944651', 'IMER DAVID ', 'HERRERA PADILLA', '3136944651', 'diana08vargas@hotmail.com', 5, 9, 4),
('33178121', 4, '33178121', 'JULIBETH FABIOLA', 'LINARES ROLDAN', '3014100080', 'Anamilethsarmiento17@gmail.com', 6, 13, 2),
('33251420', 4, '33251420', 'KARIANYELIS DAIMAR', 'PUMERO ARANA', '3107198548', 'ESCUDEROJULIETH4@GMAIL.COM', 7, 14, 4),
('37594313893', 5, 'N37594313893', 'DAIFRA BRIGMARI', 'JULIAO CHICO', '', 'ESCUDEROJULIETH4@GMAIL.COM', 7, 14, 2),
('37605129469', 5, 'N37605129469', 'ALIRIO DANIEL ', 'VILCHEZ CONTRERAS ', '3137757652', 'ESCUDEROJULIETH4@GMAIL.COM', 7, 14, 2),
('37654472237', 5, 'N37654472237', 'ANGEL DE JESUS ', 'BRAVO COLMENARES', '3004205441', 'linaluz1717@hotmail.com', 5, 11, 2),
('37654667419', 0, 'N37654667419', 'DANIELIS VALENTINA', 'ALVIS TORRES', '3046782445', 'stefania.0511@hotmail.com', 4, 6, 1),
('37655136970', 5, 'N37655136970', 'MARIA JOSE', 'LAMBERTO PULGAR', '3116476980', 'MARYLUZVARGASRIVERA@GMAIL.COM', 3, 5, 2),
('37664174111', 5, 'N37664174111', 'CHRISTIELYS RAYMAR', 'TAMBO HERNANDEZ', '', 'ESCUDEROJULIETH4@GMAIL.COM', 7, 14, 2),
('38148957', 4, '38148957', 'DISLA CLARIBEL', 'CORREA SIMISCHI', '3224953868', 'Julianis0616@hotmail.com', 6, 12, 4),
('38247651', 4, '38247651', 'ASBEL CAROLINA', 'CORREA SHIMISHI', '3224953868', 'jloraf07@hotmail.com', 9, 18, 4),
('39603845199', 5, 'N39603845199', 'CRISTIAN ALBERTO', 'SERRUDO CASTELLANOS', '3002592199', 'ESCUDEROJULIETH4@GMAIL.COM', 7, 15, 4),
('39604403359', 5, 'N39604403359', 'LUIS JOSE', 'MARMOL MORA', '3243207257', 'ESCUDEROJULIETH4@GMAIL.COM', 7, 14, 4),
('39604756727', 5, 'N39604756727', 'HECTOR OSWALDO', 'CARRILLO MONTIEL', '3004415689', 'jloraf07@hotmail.com', 9, 18, 4),
('39604759494', 5, 'N39604759494', 'NELSON GUSTAVO', 'OROZCO VELASQUEZ', '3247562314', 'linaluz1717@hotmail.com', 5, 11, 2),
('39604759652', 5, 'N39604759652', 'YOMAIRA PAOLA', 'RODRIGUEZ SALAS', '', 'ESCUDEROJULIETH4@GMAIL.COM', 7, 14, 2),
('39604759946', 5, 'N39604759946', 'YAIRELIS NOHELY', 'TORRES TORRES', '3004534194', 'linaluz1717@hotmail.com', 5, 11, 2),
('39604759949', 5, 'N39604759949', 'SANTIAGO JESUS ', 'YEPEZ GRANDANA', '3029342636', 'stefania.0511@hotmail.com', 4, 6, 1),
('39604761259', 5, 'N39604761259', 'SCARLET DE LOS AN', 'OROZCO ALVARADO', '', 'ESCUDEROJULIETH4@GMAIL.COM', 7, 14, 4),
('39604761278', 5, 'N39604761278', 'MAIKEL JOSE', 'CASAS PEREZ', '', 'BIOQUIM1993@OUTLOOK.ES', 8, 16, 4),
('39604762294', 5, 'N39604762294', 'ENYERVE JOSUE ', 'GONZALEZ ECHETO', '', 'BIOQUIM1993@OUTLOOK.ES', 8, 16, 4),
('39604953504', 5, 'N39604953504', 'LEONARDO ANTHONNY', 'ESPINOZA TORO', '3215788995', 'linaluz1717@hotmail.com', 5, 11, 2),
('39605120095', 5, 'N39605120095', 'JOVEINER JESUS ', 'SANCHEZ PUERTA', '3014674760', 'ESCUDEROJULIETH4@GMAIL.COM', 7, 14, 2),
('39605565046', 5, 'N39605565046', 'DANEILLYS YANEISYS', 'SANCHEZ RUBIO', '3225128008', 'ESCUDEROJULIETH4@GMAIL.COM', 7, 14, 2),
('39605568806', 5, 'N39605568806', 'CESAR JAVIER ', 'MARTINEZ RUBIO', '3025265292', 'johanapmp01@gmail.com', 3, 4, 2),
('39605794929', 5, 'N39605794929', 'ANGGELINA GUADALUPE', 'MELENDEZ RAMOS', '3004832910', 'diana08vargas@hotmail.com', 5, 9, 4),
('39605798821', 5, 'N39605798821', 'DEYKER RAFAEL ', 'PEREZ ARCIA', '3243445268', 'diana08vargas@hotmail.com', 5, 9, 4),
('39605811878', 0, 'N39605811878', 'JESUS DAVID', 'PINEDA LUNA', '', 'ESCUDEROJULIETH4@GMAIL.COM', 7, 14, 4),
('39605830083', 5, 'N39605830083', 'RAINER ALEXANDER', 'PACHECO FUENTES', '3246106690', 'johanapmp01@gmail.com', 3, 2, 4),
('39605830333', 5, 'N39605830333', 'YISNELSY DUBRASHKA', 'DIAZ MENDOZA', '3023749096', 'stefania.0511@hotmail.com', 4, 6, 1),
('39605832961', 5, 'N39605832961', 'YONANGEL    DAVID ', 'CHOURIO CANTILLO', '3012369644', 'johanapmp01@gmail.com', 3, 4, 2),
('39605832983', 5, 'N39605832983', 'YOANJIS BETANIA', 'FALCON LOAIZA', '3154796797', 'johanapmp01@gmail.com', 3, 2, 4),
('39605835066', 5, 'N39605835066', 'GREIMARYS VALENTINA ', 'GONZALEZ URDANETA', '3242845109', 'johanapmp01@gmail.com', 3, 4, 2),
('39605835167', 5, 'N39605835167', 'KEYLA ANABELA', 'OROZCO ALVARADO', '3168179077', 'johanapmp01@gmail.com', 3, 2, 4),
('39605845037', 5, 'N39605845037', 'OSCARLYS JHANETZY', 'HERNANDEZ FIGUEROA', '3002547869', 'MARYLUZVARGASRIVERA@GMAIL.COM', 3, 5, 2),
('39605850937', 5, 'N39605850937', 'JOHENDRY JOSE', 'CABRERA CUADRADO', '3148764905', 'johanapmp01@gmail.com', 3, 4, 2),
('39605874186', 5, 'N39605874186', 'DAVID JESUS ', 'DUARTE MUÑOZ', '3025596293', 'diana08vargas@hotmail.com', 5, 10, 2),
('39605875854', 5, 'N39605875854', 'DARIANNY PAOLA', 'ESTRELLA PEREZ', '3216689552', 'johanapmp01@gmail.com', 3, 2, 4),
('39605896862', 5, 'N39605896862', 'ALISCRISPHER FERNANDA', 'RODRIGUEZ CENTENO', '3216695759', 'Anamilethsarmiento17@gmail.com', 3, 3, 4),
('39605899879', 5, 'N39605899879', 'JORJELYS SOFIA', 'ARAUJO MARTINEZ', '3044201318', 'Anamilethsarmiento17@gmail.com', 3, 3, 4),
('39605936944', 5, 'N39605936944', 'MATHIAS RAMON', 'ESPINOZA TORO', '3000432748', 'MARYLUZVARGASRIVERA@GMAIL.COM', 3, 5, 2),
('39605946027', 5, 'N39605946027', 'ANTONY ALFONSO', 'CUETO FUENTES', '', 'ESCUDEROJULIETH4@GMAIL.COM', 7, 14, 4),
('39605958151', 5, 'N39605958151', 'ISABELLA SOFIA ', 'PULGAR FERNANDEZ', '3106662932', 'diana08vargas@hotmail.com', 5, 10, 2),
('39605958829', 5, 'N39605958829', 'ANGEL GABRIELA', 'PITALUA SOTO', '3106973864', 'MARYLUZVARGASRIVERA@GMAIL.COM', 3, 5, 2),
('39605976865', 5, 'N39605976865', 'WINDER DANIEL', 'HERNANDEZ ROQUE', '3245769876', 'MARYLUZVARGASRIVERA@GMAIL.COM', 3, 5, 2),
('39606007379', 1, 'N39606007379', 'JOHANNY CAROLINA', 'GUTIERREZ MACHADO', '3002902630', 'diana08vargas@hotmail.com', 5, 10, 2),
('39606016554', 5, 'N39606016554', 'EDUIN GUSTABO ', 'PREM TORREALBA', '3022227116', 'linaluz1717@hotmail.com', 5, 11, 2),
('39606017222', 5, 'N39606017222', 'EIDALYS SOPHIAS', 'PREM TORREALBA', '3008617132', 'MARYLUZVARGASRIVERA@GMAIL.COM', 3, 5, 2),
('39606142714', 5, 'N39606142714', 'MICHELL CAROLINA ', 'AGUIRRE CARVAJAL', '3157392748', 'ESCUDEROJULIETH4@GMAIL.COM', 7, 14, 2),
('39606146065', 5, 'N39606146065', 'NAIL PAOLA', 'RIVERO COLINA', '3245127868', 'ESCUDEROJULIETH4@GMAIL.COM', 7, 14, 4),
('39606200065', 5, 'N39606200065', 'ELEIDIS LUCIA', 'CHOURIO VELIS', '3007971149', 'johanapmp01@gmail.com', 3, 2, 4),
('39606461282', 5, 'N39606461282', 'KEIMER DAVID ', 'PUMERO ARANA', '3027198548', 'diana08vargas@hotmail.com', 5, 10, 2),
('39606487439', 5, 'N39606487439', 'YORDI DE JESUS ', 'VALDERRAMA BRICEÑO', '3242568387', 'MARYLUZVARGASRIVERA@GMAIL.COM', 3, 5, 2),
('39606498676', 5, 'N39606498676', 'YORGELIS PAOLA', 'COVIS MUÑOZ', '3005923790', 'BIOQUIM1993@OUTLOOK.ES', 8, 16, 4),
('39606526463', 5, 'N39606526463', 'NEIZORIETH DE JESUS ', 'ZAMORA GONZALEZ', '3056675654', 'linaluz1717@hotmail.com', 5, 10, 2),
('39606532630', 5, 'N39606532630', 'JOSMARTH  ANDRES ', 'ABREU ORTEGA', '3245504236', 'diana08vargas@hotmail.com', 5, 10, 2),
('39606533526', 5, 'N39606533526', 'JOHALBERTH JOSE ', 'ABREU ORTEGA', '', 'ESCUDEROJULIETH4@GMAIL.COM', 7, 14, 2),
('39695011512', 5, 'N39695011512', 'YEISON ENRIQUE ', 'PRIETO MONCADA', '3025265293', 'johanapmp01@gmail.com', 3, 4, 2),
('3973075', 4, '3973075', 'JEAN MANMUEL', 'ZULETA URDANETA', '', 'ESCUDEROJULIETH4@GMAIL.COM', 7, 14, 2);
INSERT INTO `tbl_personas` (`PKRFID`, `FKCodigo_tbl_tipo`, `Identificacion`, `Nombres`, `Apellidos`, `Contacto`, `Correo`, `FKCodigo_tbl_Curso`, `FKCodigo_tbl_grupo`, `FKCodigo_tbl_Jornada`) VALUES
('4171128\r\n', 4, '4171128\r\n', 'DARIANA ', 'LUENGO MOTA', '', 'BIOQUIM1993@OUTLOOK.ES', 8, 16, 4),
('422021', 4, '422021', 'DIEGO ALEJANDRO ', 'ECHAVE TORO', '3006558798', 'linaluz1717@hotmail.com', 5, 11, 2),
('42214329854', 5, 'N42214329854', 'DEBLIN JOSE', 'FIGUEROA PEREZ', '3015230644', 'stefania.0511@hotmail.com', 4, 6, 1),
('4434871', 2, '4434871', 'ROSMERY ANDREINA', 'PEREZ CABRERA', '', 'ESCUDEROJULIETH4@GMAIL.COM', 7, 14, 2),
('44431563', 3, '44431563', 'VICTOR MIGUEL ', 'URDA PEREZ', '3205945127', 'linaluz1717@hotmail.com', 5, 11, 2),
('445259', 4, '445259', 'ORIANNY DESIRETH', 'ARAUJO HERNANDEZ', '', 'ESCUDEROJULIETH4@GMAIL.COM', 7, 14, 2),
('445260', 4, '445260', 'ORIANA', 'ARAUJO HERNANDEZ', '', 'ESCUDEROJULIETH4@GMAIL.COM', 7, 14, 2),
('4884966', 4, '4884966', 'YAIRELIS NOHELYS', 'FIGUEROA TORRES', '3104100510', 'Anamilethsarmiento17@gmail.com', 6, 13, 1),
('49094342978', 5, 'N49094342978', 'JOHANNY', 'JIMENEZ QUINTERO', '3107862431', 'stefania.0511@hotmail.com', 4, 6, 1),
('4934649', 4, '4934649', 'JHON MANUEL ', 'GONZALEZ NATERA', '3055587842', 'linaluz1717@hotmail.com', 5, 11, 2),
('49477222', 4, '49477222', 'JESUS EDUARDO', 'PEREZ ANZOLA', '3216689552', 'diana08vargas@hotmail.com', 5, 10, 2),
('5141800', 4, '5141800', 'LUIS JESUS', 'PIÑERUA MONZANT', '3235789919', 'MARYLUZVARGASRIVERA@GMAIL.COM', 3, 5, 2),
('5492448', 4, '5492448', 'JUAN JOSE ', 'ROMERO DIAZ', '3006547826', 'linaluz1717@hotmail.com', 5, 11, 2),
('5872837', 4, '5872837', 'JEANPOOL JOSE', 'TERAN MONTES', '3023146428', 'MARYLUZVARGASRIVERA@GMAIL.COM', 3, 5, 2),
('6056434', 4, '6056434', 'ESTEBAN JOSE', 'LUCENA HERNANDEZ', '3104519793', 'BIOQUIM1993@OUTLOOK.ES', 8, 16, 4),
('6154341', 4, '6154341', 'ANTONELLA VALENTINA', 'RAMIREZ FLORES', '3116682369', 'stefania.0511@hotmail.com', 4, 6, 1),
('639042', 4, '639042', 'SARAY', 'MOLERO RAMOS', '3117642694', 'stefania.0511@hotmail.com', 4, 6, 1),
('6819314', 4, '6819314', 'ELIAS DAVID', 'COMAS JIMENEZ', '3006114958', 'MARYLUZVARGASRIVERA@GMAIL.COM', 3, 5, 2),
('6935369', 4, '6935369', 'MIGEUL ANGEL', 'ZAMBRANO FINOL', '3244984443', 'MARYLUZVARGASRIVERA@GMAIL.COM', 3, 5, 2),
('7473337', 4, '7473337', 'JOHANDRY JOSUE ', 'GUTIERREZ MACHADO', '3122437555', 'johanapmp01@gmail.com', 3, 4, 2),
('8747114', 4, '8747114', 'INGRELBER JESUS', 'PREN BLANCO', '3022227116', 'MARYLUZVARGASRIVERA@GMAIL.COM', 3, 5, 2),
('8793211', 4, '8793211', 'THIAGO ANDRES ', 'GONZALEZ DE LA HOZ', '3045695265', 'johanapmp01@gmail.com\r\njohanapmp01@gmail.com', 3, 4, 2),
('N\r\n39606488316', 5, 'N39606488316', 'JAHANDERSON JESUS', 'ACOSTA BRICEÑO', '3242568387', 'MARYLUZVARGASRIVERA@GMAIL.COM', 3, 5, 2),
('N39606529081', 1, 'N39606529081', 'MIA VALENTINA ', 'MEDINA PEREZ', '3024630315', 'stefania.0511@hotmail.com', 4, 6, 1),
('1045683131', 2, '1045683131', 'Bryan Alexander', 'Andion Carrascal', '3113220082', 'bryan.andion@gmail.com', 12, 21, 3);

-- --------------------------------------------------------

--
-- Estructura de tabla para la tabla `tbl_registros`
--

CREATE TABLE `tbl_registros` (
  `PKN_Ingresos` bigint(20) NOT NULL,
  `FKUsuario_tbl_usuarios` varchar(10) NOT NULL,
  `FKRFID_tbl_personas` varchar(20) NOT NULL,
  `Fecha_Ingreso` date NOT NULL,
  `Hora_Ingreso` time NOT NULL,
  `Fecha_Salida` date NOT NULL,
  `Hora_Salida` time NOT NULL,
  `FKCodigo_tbl_estado` varchar(2) NOT NULL
) ENGINE=InnoDB DEFAULT CHARSET=utf8mb4 COLLATE=utf8mb4_general_ci;

--
-- Volcado de datos para la tabla `tbl_registros`
--

INSERT INTO `tbl_registros` (`PKN_Ingresos`, `FKUsuario_tbl_usuarios`, `FKRFID_tbl_personas`, `Fecha_Ingreso`, `Hora_Ingreso`, `Fecha_Salida`, `Hora_Salida`, `FKCodigo_tbl_estado`) VALUES
(0, 'Serverus', '1045683131', '2023-07-26', '09:17:00', '2023-07-26', '09:17:12', '2'),
(0, 'Serverus', '1045683131', '2023-07-26', '09:17:38', '0000-00-00', '00:00:00', '1');

-- --------------------------------------------------------

--
-- Estructura de tabla para la tabla `tbl_rol`
--

CREATE TABLE `tbl_rol` (
  `PKCodigo` varchar(2) NOT NULL,
  `Nombre` varchar(50) NOT NULL,
  `Funciones` varchar(1000) NOT NULL
) ENGINE=InnoDB DEFAULT CHARSET=utf8mb4 COLLATE=utf8mb4_general_ci;

--
-- Volcado de datos para la tabla `tbl_rol`
--

INSERT INTO `tbl_rol` (`PKCodigo`, `Nombre`, `Funciones`) VALUES
('1', 'Administrador', 'Garantizar y optimizar la seguridad,\nintegridad y estabilidad de las bases de datos,\nque administran la información de las operaciones de ingreso y egreso,\npara que siempre estén disponibles, según las necesidades de las diferentes áreas que lo Neseciten.'),
('2', 'Estudiante', 'Personal para el uso de los registros del sistema'),
('3', 'Usuario', 'personal para acceso al sistema');

-- --------------------------------------------------------

--
-- Estructura de tabla para la tabla `tbl_tipo`
--

CREATE TABLE `tbl_tipo` (
  `PKCodigo` bigint(20) NOT NULL,
  `Nombre` varchar(45) NOT NULL
) ENGINE=InnoDB DEFAULT CHARSET=utf8mb4 COLLATE=utf8mb4_general_ci;

--
-- Volcado de datos para la tabla `tbl_tipo`
--

INSERT INTO `tbl_tipo` (`PKCodigo`, `Nombre`) VALUES
(1, 'TI'),
(2, 'CC'),
(3, 'RG'),
(4, 'CE'),
(5, 'NER');

-- --------------------------------------------------------

--
-- Estructura de tabla para la tabla `tbl_usuarios`
--

CREATE TABLE `tbl_usuarios` (
  `PKUsuario` varchar(20) NOT NULL,
  `Contraseña` varchar(500) NOT NULL,
  `FKCodigo_tbl_rol` varchar(2) NOT NULL,
  `FKCodigo_tbl_estado` varchar(2) NOT NULL,
  `Identificacion` varchar(10) NOT NULL,
  `Nombre` varchar(50) NOT NULL,
  `Apellido` varchar(50) NOT NULL,
  `Contacto` varchar(10) NOT NULL,
  `Correo` varchar(50) NOT NULL
) ENGINE=InnoDB DEFAULT CHARSET=utf8mb4 COLLATE=utf8mb4_general_ci;

--
-- Volcado de datos para la tabla `tbl_usuarios`
--

INSERT INTO `tbl_usuarios` (`PKUsuario`, `Contraseña`, `FKCodigo_tbl_rol`, `FKCodigo_tbl_estado`, `Identificacion`, `Nombre`, `Apellido`, `Contacto`, `Correo`) VALUES
('Administrador', '9af15b336e6a9619928537df30b2e6a2376569fcf9d7e773eccede65606529a0', '1', '1', '1045683131', 'Bryan alexander', 'Andion carrascal', '3113220082', 'serverus@gmail.com');
COMMIT;

/*!40101 SET CHARACTER_SET_CLIENT=@OLD_CHARACTER_SET_CLIENT */;
/*!40101 SET CHARACTER_SET_RESULTS=@OLD_CHARACTER_SET_RESULTS */;
/*!40101 SET COLLATION_CONNECTION=@OLD_COLLATION_CONNECTION */;
